timeStamp,elapsed,label,responseCode,responseMessage,threadName,dataType,success,failureMessage,bytes,sentBytes,grpThreads,allThreads,URL,Latency,IdleTime,Connect
1781639183305,1382,request,200,OK,Config 1 1-1,text,false,"The operation lasted too long: It took 1 382 milliseconds, but should not have lasted longer than 460 milliseconds.",231,161,1,1,http://localhost:8079/?token=518502792&user=-1355041423&config=1,1370,0,2
1781639186304,1324,request,200,OK,Config 1 1-1,text,false,"The operation lasted too long: It took 1 324 milliseconds, but should not have lasted longer than 460 milliseconds.",231,161,1,1,http://localhost:8079/?token=518502792&user=-1355041423&config=1,1324,0,0
1781639189304,1334,request,200,OK,Config 1 1-1,text,false,"The operation lasted too long: It took 1 334 milliseconds, but should not have lasted longer than 460 milliseconds.",231,161,1,1,http://localhost:8079/?token=518502792&user=-1355041423&config=1,1334,0,0
1781639192304,1350,request,200,OK,Config 1 1-1,text,false,"The operation lasted too long: It took 1 350 milliseconds, but should not have lasted longer than 460 milliseconds.",231,161,2,2,http://localhost:8079/?token=518502792&user=-1355041423&config=1,1350,0,0
1781639193304,1425,request,200,OK,Config 1 1-2,text,false,"The operation lasted too long: It took 1 425 milliseconds, but should not have lasted longer than 460 milliseconds.",231,161,2,2,http://localhost:8079/?token=518502792&user=-1355041423&config=1,1425,0,1
1781639195304,1369,request,200,OK,Config 1 1-1,text,false,"The operation lasted too long: It took 1 369 milliseconds, but should not have lasted longer than 460 milliseconds.",231,161,2,2,http://localhost:8079/?token=518502792&user=-1355041423&config=1,1369,0,0
1781639196304,1367,request,200,OK,Config 1 1-2,text,false,"The operation lasted too long: It took 1 367 milliseconds, but should not have lasted longer than 460 milliseconds.",231,161,2,2,http://localhost:8079/?token=518502792&user=-1355041423&config=1,1367,0,0
1781639198316,1361,request,200,OK,Config 1 1-1,text,false,"The operation lasted too long: It took 1 361 milliseconds, but should not have lasted longer than 460 milliseconds.",231,161,2,2,http://localhost:8079/?token=518502792&user=-1355041423&config=1,1361,0,0
1781639199305,1350,request,200,OK,Config 1 1-2,text,false,"The operation lasted too long: It took 1 350 milliseconds, but should not have lasted longer than 460 milliseconds.",231,161,2,2,http://localhost:8079/?token=518502792&user=-1355041423&config=1,1350,0,0
1781639201305,1355,request,200,OK,Config 1 1-1,text,false,"The operation lasted too long: It took 1 355 milliseconds, but should not have lasted longer than 460 milliseconds.",231,161,2,2,http://localhost:8079/?token=518502792&user=-1355041423&config=1,1354,0,0
1781639202305,1332,request,200,OK,Config 1 1-2,text,false,"The operation lasted too long: It took 1 332 milliseconds, but should not have lasted longer than 460 milliseconds.",231,161,3,3,http://localhost:8079/?token=518502792&user=-1355041423&config=1,1332,0,0
1781639203303,1504,request,200,OK,Config 1 1-3,text,false,"The operation lasted too long: It took 1 504 milliseconds, but should not have lasted longer than 460 milliseconds.",231,161,3,3,http://localhost:8079/?token=518502792&user=-1355041423&config=1,1504,0,1
1781639204304,1358,request,200,OK,Config 1 1-1,text,false,"The operation lasted too long: It took 1 358 milliseconds, but should not have lasted longer than 460 milliseconds.",231,161,3,3,http://localhost:8079/?token=518502792&user=-1355041423&config=1,1358,0,0
1781639205304,1355,request,200,OK,Config 1 1-2,text,false,"The operation lasted too long: It took 1 355 milliseconds, but should not have lasted longer than 460 milliseconds.",231,161,3,3,http://localhost:8079/?token=518502792&user=-1355041423&config=1,1354,0,0
1781639206304,1346,request,200,OK,Config 1 1-3,text,false,"The operation lasted too long: It took 1 346 milliseconds, but should not have lasted longer than 460 milliseconds.",231,161,3,3,http://localhost:8079/?token=518502792&user=-1355041423&config=1,1346,0,0
1781639207304,1358,request,200,OK,Config 1 1-1,text,false,"The operation lasted too long: It took 1 358 milliseconds, but should not have lasted longer than 460 milliseconds.",231,161,3,3,http://localhost:8079/?token=518502792&user=-1355041423&config=1,1358,0,0
1781639208304,1340,request,200,OK,Config 1 1-2,text,false,"The operation lasted too long: It took 1 340 milliseconds, but should not have lasted longer than 460 milliseconds.",231,161,3,3,http://localhost:8079/?token=518502792&user=-1355041423&config=1,1340,0,0
1781639209304,1350,request,200,OK,Config 1 1-3,text,false,"The operation lasted too long: It took 1 350 milliseconds, but should not have lasted longer than 460 milliseconds.",231,161,3,3,http://localhost:8079/?token=518502792&user=-1355041423&config=1,1350,0,0
1781639210305,1378,request,200,OK,Config 1 1-1,text,false,"The operation lasted too long: It took 1 378 milliseconds, but should not have lasted longer than 460 milliseconds.",231,161,3,3,http://localhost:8079/?token=518502792&user=-1355041423&config=1,1377,0,0
1781639211303,1350,request,200,OK,Config 1 1-2,text,false,"The operation lasted too long: It took 1 350 milliseconds, but should not have lasted longer than 460 milliseconds.",231,161,3,3,http://localhost:8079/?token=518502792&user=-1355041423&config=1,1350,0,0
1781639212304,1349,request,200,OK,Config 1 1-3,text,false,"The operation lasted too long: It took 1 349 milliseconds, but should not have lasted longer than 460 milliseconds.",231,161,4,4,http://localhost:8079/?token=518502792&user=-1355041423&config=1,1349,0,0
1781639213304,1344,request,200,OK,Config 1 1-1,text,false,"The operation lasted too long: It took 1 344 milliseconds, but should not have lasted longer than 460 milliseconds.",231,161,4,4,http://localhost:8079/?token=518502792&user=-1355041423&config=1,1344,0,0
1781639213306,1459,request,200,OK,Config 1 1-4,text,false,"The operation lasted too long: It took 1 459 milliseconds, but should not have lasted longer than 460 milliseconds.",231,161,4,4,http://localhost:8079/?token=518502792&user=-1355041423&config=1,1459,0,2
1781639214304,1350,request,200,OK,Config 1 1-2,text,false,"The operation lasted too long: It took 1 350 milliseconds, but should not have lasted longer than 460 milliseconds.",231,161,4,4,http://localhost:8079/?token=518502792&user=-1355041423&config=1,1350,0,0
1781639215304,1376,request,200,OK,Config 1 1-3,text,false,"The operation lasted too long: It took 1 376 milliseconds, but should not have lasted longer than 460 milliseconds.",231,161,4,4,http://localhost:8079/?token=518502792&user=-1355041423&config=1,1376,0,0
1781639216305,1357,request,200,OK,Config 1 1-1,text,false,"The operation lasted too long: It took 1 357 milliseconds, but should not have lasted longer than 460 milliseconds.",231,161,4,4,http://localhost:8079/?token=518502792&user=-1355041423&config=1,1357,0,0
1781639216306,1387,request,200,OK,Config 1 1-4,text,false,"The operation lasted too long: It took 1 387 milliseconds, but should not have lasted longer than 460 milliseconds.",231,161,4,4,http://localhost:8079/?token=518502792&user=-1355041423&config=1,1387,0,0
1781639217304,1351,request,200,OK,Config 1 1-2,text,false,"The operation lasted too long: It took 1 351 milliseconds, but should not have lasted longer than 460 milliseconds.",231,161,4,4,http://localhost:8079/?token=518502792&user=-1355041423&config=1,1351,0,0
1781639218305,1338,request,200,OK,Config 1 1-3,text,false,"The operation lasted too long: It took 1 338 milliseconds, but should not have lasted longer than 460 milliseconds.",231,161,4,4,http://localhost:8079/?token=518502792&user=-1355041423&config=1,1338,0,0
1781639219306,1329,request,200,OK,Config 1 1-4,text,false,"The operation lasted too long: It took 1 329 milliseconds, but should not have lasted longer than 460 milliseconds.",231,161,4,4,http://localhost:8079/?token=518502792&user=-1355041423&config=1,1329,0,0
1781639219303,1332,request,200,OK,Config 1 1-1,text,false,"The operation lasted too long: It took 1 332 milliseconds, but should not have lasted longer than 460 milliseconds.",231,161,4,4,http://localhost:8079/?token=518502792&user=-1355041423&config=1,1332,0,0
1781639220304,1341,request,200,OK,Config 1 1-2,text,false,"The operation lasted too long: It took 1 341 milliseconds, but should not have lasted longer than 460 milliseconds.",231,161,4,4,http://localhost:8079/?token=518502792&user=-1355041423&config=1,1340,0,0
1781639221304,1329,request,200,OK,Config 1 1-3,text,false,"The operation lasted too long: It took 1 329 milliseconds, but should not have lasted longer than 460 milliseconds.",231,161,4,4,http://localhost:8079/?token=518502792&user=-1355041423&config=1,1329,0,0
1781639222307,1331,request,200,OK,Config 1 1-4,text,false,"The operation lasted too long: It took 1 331 milliseconds, but should not have lasted longer than 460 milliseconds.",231,161,5,5,http://localhost:8079/?token=518502792&user=-1355041423&config=1,1331,0,0
1781639222305,1333,request,200,OK,Config 1 1-1,text,false,"The operation lasted too long: It took 1 333 milliseconds, but should not have lasted longer than 460 milliseconds.",231,161,5,5,http://localhost:8079/?token=518502792&user=-1355041423&config=1,1333,0,0
1781639223305,1334,request,200,OK,Config 1 1-2,text,false,"The operation lasted too long: It took 1 334 milliseconds, but should not have lasted longer than 460 milliseconds.",231,161,5,5,http://localhost:8079/?token=518502792&user=-1355041423&config=1,1334,0,0
1781639223307,1455,request,200,OK,Config 1 1-5,text,false,"The operation lasted too long: It took 1 455 milliseconds, but should not have lasted longer than 460 milliseconds.",231,161,5,5,http://localhost:8079/?token=518502792&user=-1355041423&config=1,1455,0,1
1781639224305,1332,request,200,OK,Config 1 1-3,text,false,"The operation lasted too long: It took 1 332 milliseconds, but should not have lasted longer than 460 milliseconds.",231,161,5,5,http://localhost:8079/?token=518502792&user=-1355041423&config=1,1332,0,0
1781639225304,1329,request,200,OK,Config 1 1-1,text,false,"The operation lasted too long: It took 1 329 milliseconds, but should not have lasted longer than 460 milliseconds.",231,161,5,5,http://localhost:8079/?token=518502792&user=-1355041423&config=1,1329,0,0
1781639225307,1392,request,200,OK,Config 1 1-4,text,false,"The operation lasted too long: It took 1 392 milliseconds, but should not have lasted longer than 460 milliseconds.",231,161,5,5,http://localhost:8079/?token=518502792&user=-1355041423&config=1,1392,0,0
1781639226305,1370,request,200,OK,Config 1 1-5,text,false,"The operation lasted too long: It took 1 370 milliseconds, but should not have lasted longer than 460 milliseconds.",231,161,5,5,http://localhost:8079/?token=518502792&user=-1355041423&config=1,1370,0,0
1781639226305,1370,request,200,OK,Config 1 1-2,text,false,"The operation lasted too long: It took 1 370 milliseconds, but should not have lasted longer than 460 milliseconds.",231,161,5,5,http://localhost:8079/?token=518502792&user=-1355041423&config=1,1370,0,0
1781639227305,1349,request,200,OK,Config 1 1-3,text,false,"The operation lasted too long: It took 1 349 milliseconds, but should not have lasted longer than 460 milliseconds.",231,161,5,5,http://localhost:8079/?token=518502792&user=-1355041423&config=1,1349,0,0
1781639228305,1330,request,200,OK,Config 1 1-1,text,false,"The operation lasted too long: It took 1 330 milliseconds, but should not have lasted longer than 460 milliseconds.",231,161,5,5,http://localhost:8079/?token=518502792&user=-1355041423&config=1,1330,0,0
1781639228307,1386,request,200,OK,Config 1 1-4,text,false,"The operation lasted too long: It took 1 386 milliseconds, but should not have lasted longer than 460 milliseconds.",231,161,5,5,http://localhost:8079/?token=518502792&user=-1355041423&config=1,1386,0,0
1781639229306,1350,request,200,OK,Config 1 1-5,text,false,"The operation lasted too long: It took 1 350 milliseconds, but should not have lasted longer than 460 milliseconds.",231,161,5,5,http://localhost:8079/?token=518502792&user=-1355041423&config=1,1350,0,0
1781639229305,1351,request,200,OK,Config 1 1-2,text,false,"The operation lasted too long: It took 1 351 milliseconds, but should not have lasted longer than 460 milliseconds.",231,161,5,5,http://localhost:8079/?token=518502792&user=-1355041423&config=1,1351,0,0
1781639230306,1333,request,200,OK,Config 1 1-3,text,false,"The operation lasted too long: It took 1 333 milliseconds, but should not have lasted longer than 460 milliseconds.",231,161,5,5,http://localhost:8079/?token=518502792&user=-1355041423&config=1,1333,0,0
1781639231305,1330,request,200,OK,Config 1 1-1,text,false,"The operation lasted too long: It took 1 330 milliseconds, but should not have lasted longer than 460 milliseconds.",231,161,5,5,http://localhost:8079/?token=518502792&user=-1355041423&config=1,1330,0,0
1781639231307,1395,request,200,OK,Config 1 1-4,text,false,"The operation lasted too long: It took 1 395 milliseconds, but should not have lasted longer than 460 milliseconds.",231,161,5,5,http://localhost:8079/?token=518502792&user=-1355041423&config=1,1395,0,0
1781639232304,1340,request,200,OK,Config 1 1-2,text,false,"The operation lasted too long: It took 1 340 milliseconds, but should not have lasted longer than 460 milliseconds.",231,161,6,6,http://localhost:8079/?token=518502792&user=-1355041423&config=1,1340,0,0
1781639232304,1340,request,200,OK,Config 1 1-5,text,false,"The operation lasted too long: It took 1 340 milliseconds, but should not have lasted longer than 460 milliseconds.",231,161,6,6,http://localhost:8079/?token=518502792&user=-1355041423&config=1,1340,0,0
1781639233303,1333,request,200,OK,Config 1 1-3,text,false,"The operation lasted too long: It took 1 333 milliseconds, but should not have lasted longer than 460 milliseconds.",231,161,6,6,http://localhost:8079/?token=518502792&user=-1355041423&config=1,1333,0,0
1781639233305,1410,request,200,OK,Config 1 1-6,text,false,"The operation lasted too long: It took 1 410 milliseconds, but should not have lasted longer than 460 milliseconds.",231,161,6,6,http://localhost:8079/?token=518502792&user=-1355041423&config=1,1410,0,0
1781639234303,1349,request,200,OK,Config 1 1-1,text,false,"The operation lasted too long: It took 1 349 milliseconds, but should not have lasted longer than 460 milliseconds.",231,161,6,6,http://localhost:8079/?token=518502792&user=-1355041423&config=1,1349,0,0
1781639234306,1346,request,200,OK,Config 1 1-4,text,false,"The operation lasted too long: It took 1 346 milliseconds, but should not have lasted longer than 460 milliseconds.",231,161,6,6,http://localhost:8079/?token=518502792&user=-1355041423&config=1,1346,0,0
1781639235303,1332,request,200,OK,Config 1 1-2,text,false,"The operation lasted too long: It took 1 332 milliseconds, but should not have lasted longer than 460 milliseconds.",231,161,6,6,http://localhost:8079/?token=518502792&user=-1355041423&config=1,1332,0,0
1781639235304,1402,request,200,OK,Config 1 1-5,text,false,"The operation lasted too long: It took 1 402 milliseconds, but should not have lasted longer than 460 milliseconds.",231,161,6,6,http://localhost:8079/?token=518502792&user=-1355041423&config=1,1402,0,0
1781639236304,1361,request,200,OK,Config 1 1-6,text,false,"The operation lasted too long: It took 1 361 milliseconds, but should not have lasted longer than 460 milliseconds.",231,161,6,6,http://localhost:8079/?token=518502792&user=-1355041423&config=1,1361,0,0
1781639236304,1361,request,200,OK,Config 1 1-3,text,false,"The operation lasted too long: It took 1 361 milliseconds, but should not have lasted longer than 460 milliseconds.",231,161,6,6,http://localhost:8079/?token=518502792&user=-1355041423&config=1,1361,0,0
1781639237304,1332,request,200,OK,Config 1 1-1,text,false,"The operation lasted too long: It took 1 332 milliseconds, but should not have lasted longer than 460 milliseconds.",231,161,6,6,http://localhost:8079/?token=518502792&user=-1355041423&config=1,1332,0,0
1781639237306,1390,request,200,OK,Config 1 1-4,text,false,"The operation lasted too long: It took 1 390 milliseconds, but should not have lasted longer than 460 milliseconds.",231,161,6,6,http://localhost:8079/?token=518502792&user=-1355041423&config=1,1390,0,0
1781639238305,1348,request,200,OK,Config 1 1-5,text,false,"The operation lasted too long: It took 1 348 milliseconds, but should not have lasted longer than 460 milliseconds.",231,161,6,6,http://localhost:8079/?token=518502792&user=-1355041423&config=1,1348,0,0
1781639238305,1348,request,200,OK,Config 1 1-2,text,false,"The operation lasted too long: It took 1 348 milliseconds, but should not have lasted longer than 460 milliseconds.",231,161,6,6,http://localhost:8079/?token=518502792&user=-1355041423&config=1,1348,0,0
1781639239304,1333,request,200,OK,Config 1 1-6,text,false,"The operation lasted too long: It took 1 333 milliseconds, but should not have lasted longer than 460 milliseconds.",231,161,6,6,http://localhost:8079/?token=518502792&user=-1355041423&config=1,1333,0,0
1781639239304,1394,request,200,OK,Config 1 1-3,text,false,"The operation lasted too long: It took 1 394 milliseconds, but should not have lasted longer than 460 milliseconds.",231,161,6,6,http://localhost:8079/?token=518502792&user=-1355041423&config=1,1394,0,0
1781639240306,1353,request,200,OK,Config 1 1-4,text,false,"The operation lasted too long: It took 1 353 milliseconds, but should not have lasted longer than 460 milliseconds.",231,161,6,6,http://localhost:8079/?token=518502792&user=-1355041423&config=1,1353,0,0
1781639240304,1355,request,200,OK,Config 1 1-1,text,false,"The operation lasted too long: It took 1 355 milliseconds, but should not have lasted longer than 460 milliseconds.",231,161,6,6,http://localhost:8079/?token=518502792&user=-1355041423&config=1,1355,0,0
1781639241304,1334,request,200,OK,Config 1 1-2,text,false,"The operation lasted too long: It took 1 334 milliseconds, but should not have lasted longer than 460 milliseconds.",231,161,5,5,http://localhost:8079/?token=518502792&user=-1355041423&config=1,1334,0,0
1781639241304,1400,request,200,OK,Config 1 1-5,text,false,"The operation lasted too long: It took 1 400 milliseconds, but should not have lasted longer than 460 milliseconds.",231,161,5,5,http://localhost:8079/?token=518502792&user=-1355041423&config=1,1400,0,0
1781639242304,1344,request,200,OK,Config 1 1-3,text,false,"The operation lasted too long: It took 1 344 milliseconds, but should not have lasted longer than 460 milliseconds.",231,161,5,5,http://localhost:8079/?token=518502792&user=-1355041423&config=1,1344,0,0
1781639242304,1344,request,200,OK,Config 1 1-6,text,false,"The operation lasted too long: It took 1 344 milliseconds, but should not have lasted longer than 460 milliseconds.",231,161,5,5,http://localhost:8079/?token=518502792&user=-1355041423&config=1,1344,0,0
1781639243306,1334,request,200,OK,Config 1 1-4,text,false,"The operation lasted too long: It took 1 334 milliseconds, but should not have lasted longer than 460 milliseconds.",231,161,5,5,http://localhost:8079/?token=518502792&user=-1355041423&config=1,1334,0,0
1781639244305,1332,request,200,OK,Config 1 1-2,text,false,"The operation lasted too long: It took 1 332 milliseconds, but should not have lasted longer than 460 milliseconds.",231,161,5,5,http://localhost:8079/?token=518502792&user=-1355041423&config=1,1332,0,0
1781639244305,1397,request,200,OK,Config 1 1-5,text,false,"The operation lasted too long: It took 1 397 milliseconds, but should not have lasted longer than 460 milliseconds.",231,161,5,5,http://localhost:8079/?token=518502792&user=-1355041423&config=1,1397,0,0
1781639245304,1371,request,200,OK,Config 1 1-3,text,false,"The operation lasted too long: It took 1 371 milliseconds, but should not have lasted longer than 460 milliseconds.",231,161,5,5,http://localhost:8079/?token=518502792&user=-1355041423&config=1,1371,0,0
1781639245304,1371,request,200,OK,Config 1 1-6,text,false,"The operation lasted too long: It took 1 371 milliseconds, but should not have lasted longer than 460 milliseconds.",231,161,5,5,http://localhost:8079/?token=518502792&user=-1355041423&config=1,1371,0,0
1781639246306,1338,request,200,OK,Config 1 1-4,text,false,"The operation lasted too long: It took 1 338 milliseconds, but should not have lasted longer than 460 milliseconds.",231,161,5,5,http://localhost:8079/?token=518502792&user=-1355041423&config=1,1338,0,0
1781639247304,1332,request,200,OK,Config 1 1-2,text,false,"The operation lasted too long: It took 1 332 milliseconds, but should not have lasted longer than 460 milliseconds.",231,161,5,5,http://localhost:8079/?token=518502792&user=-1355041423&config=1,1332,0,0
1781639247305,1399,request,200,OK,Config 1 1-5,text,false,"The operation lasted too long: It took 1 399 milliseconds, but should not have lasted longer than 460 milliseconds.",231,161,5,5,http://localhost:8079/?token=518502792&user=-1355041423&config=1,1399,0,0
1781639248304,1359,request,200,OK,Config 1 1-3,text,false,"The operation lasted too long: It took 1 359 milliseconds, but should not have lasted longer than 460 milliseconds.",231,161,5,5,http://localhost:8079/?token=518502792&user=-1355041423&config=1,1359,0,0
1781639248304,1359,request,200,OK,Config 1 1-6,text,false,"The operation lasted too long: It took 1 359 milliseconds, but should not have lasted longer than 460 milliseconds.",231,161,5,5,http://localhost:8079/?token=518502792&user=-1355041423&config=1,1359,0,0
1781639249306,1332,request,200,OK,Config 1 1-4,text,false,"The operation lasted too long: It took 1 332 milliseconds, but should not have lasted longer than 460 milliseconds.",231,161,5,5,http://localhost:8079/?token=518502792&user=-1355041423&config=1,1332,0,0
1781639250304,1336,request,200,OK,Config 1 1-5,text,false,"The operation lasted too long: It took 1 336 milliseconds, but should not have lasted longer than 460 milliseconds.",231,161,5,5,http://localhost:8079/?token=518502792&user=-1355041423&config=1,1336,0,0
1781639250304,1336,request,200,OK,Config 1 1-2,text,false,"The operation lasted too long: It took 1 336 milliseconds, but should not have lasted longer than 460 milliseconds.",231,161,5,5,http://localhost:8079/?token=518502792&user=-1355041423&config=1,1336,0,0
1781639251304,1334,request,200,OK,Config 1 1-6,text,false,"The operation lasted too long: It took 1 334 milliseconds, but should not have lasted longer than 460 milliseconds.",231,161,4,4,http://localhost:8079/?token=518502792&user=-1355041423&config=1,1334,0,0
1781639251304,1334,request,200,OK,Config 1 1-3,text,false,"The operation lasted too long: It took 1 334 milliseconds, but should not have lasted longer than 460 milliseconds.",231,161,4,4,http://localhost:8079/?token=518502792&user=-1355041423&config=1,1334,0,0
1781639252311,1336,request,200,OK,Config 1 1-4,text,false,"The operation lasted too long: It took 1 336 milliseconds, but should not have lasted longer than 460 milliseconds.",231,161,4,4,http://localhost:8079/?token=518502792&user=-1355041423&config=1,1336,0,0
1781639253311,1349,request,200,OK,Config 1 1-5,text,false,"The operation lasted too long: It took 1 349 milliseconds, but should not have lasted longer than 460 milliseconds.",231,161,4,4,http://localhost:8079/?token=518502792&user=-1355041423&config=1,1349,0,0
1781639254311,1336,request,200,OK,Config 1 1-3,text,false,"The operation lasted too long: It took 1 336 milliseconds, but should not have lasted longer than 460 milliseconds.",231,161,4,4,http://localhost:8079/?token=518502792&user=-1355041423&config=1,1336,0,0
1781639254311,1336,request,200,OK,Config 1 1-6,text,false,"The operation lasted too long: It took 1 336 milliseconds, but should not have lasted longer than 460 milliseconds.",231,161,4,4,http://localhost:8079/?token=518502792&user=-1355041423&config=1,1336,0,0
1781639255311,1357,request,200,OK,Config 1 1-4,text,false,"The operation lasted too long: It took 1 357 milliseconds, but should not have lasted longer than 460 milliseconds.",231,161,4,4,http://localhost:8079/?token=518502792&user=-1355041423&config=1,1357,0,0
1781639256311,1348,request,200,OK,Config 1 1-5,text,false,"The operation lasted too long: It took 1 348 milliseconds, but should not have lasted longer than 460 milliseconds.",231,161,4,4,http://localhost:8079/?token=518502792&user=-1355041423&config=1,1348,0,0
1781639257311,1337,request,200,OK,Config 1 1-3,text,false,"The operation lasted too long: It took 1 337 milliseconds, but should not have lasted longer than 460 milliseconds.",231,161,4,4,http://localhost:8079/?token=518502792&user=-1355041423&config=1,1337,0,0
1781639257311,1337,request,200,OK,Config 1 1-6,text,false,"The operation lasted too long: It took 1 337 milliseconds, but should not have lasted longer than 460 milliseconds.",231,161,4,4,http://localhost:8079/?token=518502792&user=-1355041423&config=1,1337,0,0
1781639258311,1336,request,200,OK,Config 1 1-4,text,false,"The operation lasted too long: It took 1 336 milliseconds, but should not have lasted longer than 460 milliseconds.",231,161,4,4,http://localhost:8079/?token=518502792&user=-1355041423&config=1,1336,0,0
1781639259311,1347,request,200,OK,Config 1 1-5,text,false,"The operation lasted too long: It took 1 347 milliseconds, but should not have lasted longer than 460 milliseconds.",231,161,4,4,http://localhost:8079/?token=518502792&user=-1355041423&config=1,1347,0,0
1781639260310,1338,request,200,OK,Config 1 1-6,text,false,"The operation lasted too long: It took 1 338 milliseconds, but should not have lasted longer than 460 milliseconds.",231,161,4,4,http://localhost:8079/?token=518502792&user=-1355041423&config=1,1338,0,0
1781639260310,1338,request,200,OK,Config 1 1-3,text,false,"The operation lasted too long: It took 1 338 milliseconds, but should not have lasted longer than 460 milliseconds.",231,161,4,4,http://localhost:8079/?token=518502792&user=-1355041423&config=1,1338,0,0
1781639261311,1337,request,200,OK,Config 1 1-4,text,false,"The operation lasted too long: It took 1 337 milliseconds, but should not have lasted longer than 460 milliseconds.",231,161,3,3,http://localhost:8079/?token=518502792&user=-1355041423&config=1,1337,0,0
1781639262310,1366,request,200,OK,Config 1 1-5,text,false,"The operation lasted too long: It took 1 366 milliseconds, but should not have lasted longer than 460 milliseconds.",231,161,3,3,http://localhost:8079/?token=518502792&user=-1355041423&config=1,1365,0,0
1781639263312,1350,request,200,OK,Config 1 1-6,text,false,"The operation lasted too long: It took 1 350 milliseconds, but should not have lasted longer than 460 milliseconds.",231,161,3,3,http://localhost:8079/?token=518502792&user=-1355041423&config=1,1350,0,0
1781639264307,1369,request,200,OK,Config 1 1-4,text,false,"The operation lasted too long: It took 1 369 milliseconds, but should not have lasted longer than 460 milliseconds.",231,161,3,3,http://localhost:8079/?token=518502792&user=-1355041423&config=1,1369,0,0
1781639265307,1370,request,200,OK,Config 1 1-5,text,false,"The operation lasted too long: It took 1 370 milliseconds, but should not have lasted longer than 460 milliseconds.",231,161,3,3,http://localhost:8079/?token=518502792&user=-1355041423&config=1,1370,0,0
1781639266302,1330,request,200,OK,Config 1 1-6,text,false,"The operation lasted too long: It took 1 330 milliseconds, but should not have lasted longer than 460 milliseconds.",231,161,3,3,http://localhost:8079/?token=518502792&user=-1355041423&config=1,1330,0,0
1781639267307,1339,request,200,OK,Config 1 1-4,text,false,"The operation lasted too long: It took 1 339 milliseconds, but should not have lasted longer than 460 milliseconds.",231,161,3,3,http://localhost:8079/?token=518502792&user=-1355041423&config=1,1339,0,0
1781639268304,1349,request,200,OK,Config 1 1-5,text,false,"The operation lasted too long: It took 1 349 milliseconds, but should not have lasted longer than 460 milliseconds.",231,161,3,3,http://localhost:8079/?token=518502792&user=-1355041423&config=1,1349,0,0
1781639269304,1377,request,200,OK,Config 1 1-6,text,false,"The operation lasted too long: It took 1 377 milliseconds, but should not have lasted longer than 460 milliseconds.",231,161,3,3,http://localhost:8079/?token=518502792&user=-1355041423&config=1,1377,0,0
1781639270305,1360,request,200,OK,Config 1 1-4,text,false,"The operation lasted too long: It took 1 360 milliseconds, but should not have lasted longer than 460 milliseconds.",231,161,3,3,http://localhost:8079/?token=518502792&user=-1355041423&config=1,1360,0,0
1781639271305,1342,request,200,OK,Config 1 1-5,text,false,"The operation lasted too long: It took 1 342 milliseconds, but should not have lasted longer than 460 milliseconds.",231,161,2,2,http://localhost:8079/?token=518502792&user=-1355041423&config=1,1342,0,0
1781639272304,1368,request,200,OK,Config 1 1-6,text,false,"The operation lasted too long: It took 1 368 milliseconds, but should not have lasted longer than 460 milliseconds.",231,161,2,2,http://localhost:8079/?token=518502792&user=-1355041423&config=1,1367,0,0
1781639274310,1358,request,200,OK,Config 1 1-5,text,false,"The operation lasted too long: It took 1 358 milliseconds, but should not have lasted longer than 460 milliseconds.",231,161,2,2,http://localhost:8079/?token=518502792&user=-1355041423&config=1,1358,0,0
1781639275305,1338,request,200,OK,Config 1 1-6,text,false,"The operation lasted too long: It took 1 338 milliseconds, but should not have lasted longer than 460 milliseconds.",231,161,2,2,http://localhost:8079/?token=518502792&user=-1355041423&config=1,1338,0,0
1781639277304,1373,request,200,OK,Config 1 1-5,text,false,"The operation lasted too long: It took 1 373 milliseconds, but should not have lasted longer than 460 milliseconds.",231,161,2,2,http://localhost:8079/?token=518502792&user=-1355041423&config=1,1373,0,0
1781639278311,1325,request,200,OK,Config 1 1-6,text,false,"The operation lasted too long: It took 1 325 milliseconds, but should not have lasted longer than 460 milliseconds.",231,161,2,2,http://localhost:8079/?token=518502792&user=-1355041423&config=1,1325,0,0
1781639280306,1340,request,200,OK,Config 1 1-5,text,false,"The operation lasted too long: It took 1 340 milliseconds, but should not have lasted longer than 460 milliseconds.",231,161,2,2,http://localhost:8079/?token=518502792&user=-1355041423&config=1,1340,0,0
1781639281303,1344,request,200,OK,Config 1 1-6,text,false,"The operation lasted too long: It took 1 344 milliseconds, but should not have lasted longer than 460 milliseconds.",231,161,1,1,http://localhost:8079/?token=518502792&user=-1355041423&config=1,1344,0,0
1781639284305,1329,request,200,OK,Config 1 1-6,text,false,"The operation lasted too long: It took 1 329 milliseconds, but should not have lasted longer than 460 milliseconds.",231,161,1,1,http://localhost:8079/?token=518502792&user=-1355041423&config=1,1329,0,0
1781639287311,1327,request,200,OK,Config 1 1-6,text,false,"The operation lasted too long: It took 1 327 milliseconds, but should not have lasted longer than 460 milliseconds.",231,161,1,1,http://localhost:8079/?token=518502792&user=-1355041423&config=1,1327,0,0
1781639290304,1334,request,200,OK,Config 1 1-6,text,false,"The operation lasted too long: It took 1 334 milliseconds, but should not have lasted longer than 460 milliseconds.",231,161,1,1,http://localhost:8079/?token=518502792&user=-1355041423&config=1,1334,0,0
